{
    "LatMin": 50.065311,
    "LatMax": 50.067556,
    "LonMin": 19.914029,
    "LonMax": 19.917527,
    "Size": 250,
    "HeightMaxLevels": 30
  }
  