{
	"LatMin": 50.020584,
	"LatMax": 50.024174,
	"LonMin": 20.046401,
	"LonMax": 20.051991,
	"Size": 400,
	"HeightMaxLevels": 30
}
