{
	"LatMin": 50.071503,
	"LatMax": 50.075093,
	"LonMin": 20.035415,
	"LonMax": 20.041010,
	"Size": 400,
	"HeightMaxLevels": 30
}
