{
	"LatMin": 50.064848,
	"LatMax": 50.068227,
	"LonMin": 19.957159,
	"LonMax": 19.962754,
	"Size": 400,
	"HeightMaxLevels": 30
}
