{
    "LatMin":  50.064088,
    "LatMax": 50.066340,
    "LonMin": 19.919667,
    "LonMax": 19.923165,
    "Size": 250,
    "HeightMaxLevels": 30
  }
  