{
	"LatMin": 50.063489,
	"LatMax": 50.058997,
	"LonMin": 19.934360,
	"LonMax": 19.941356,
	"Size": 500,
	"HeightMaxLevels": 30
}
