{
	"LatMin": 50.046109,
	"LatMax": 50.049699,
	"LonMin": 19.961525,
	"LonMax": 19.967115,
	"Size": 400,
	"HeightMaxLevels": 30
}
