{
	"LatMin": 50.070720,
	"LatMax": 50.075210,
	"LonMin": 19.932032,
	"LonMax": 19.939028,
	"Size": 500,
	"HeightMaxLevels": 30
}
